<?xml version="1.0" encoding="UTF-8"?>
<!--
 Copyright (c) 2020 SAP SE or an SAP affiliate company. All rights reserved.
-->
<beans xmlns="http://www.springframework.org/schema/beans"
       xmlns:xsi="http://www.w3.org/2001/XMLSchema-instance"
       xmlns:aop="http://www.springframework.org/schema/aop"
       xsi:schemaLocation="http://www.springframework.org/schema/beans
           http://www.springframework.org/schema/beans/spring-beans.xsd
           http://www.springframework.org/schema/aop
           http://www.springframework.org/schema/aop/spring-aop.xsd">

    <alias name="defaultTvpageStorefrontFacadeImpl" alias="tvpageStorefrontFacade"/>
    <bean id="defaultTvpageStorefrontFacadeImpl" class="com.tvpagefacades.impl.TvpageStorefrontFacadeImpl">
        <property name="tvpageStoreFrontService" ref="tvpageStoreFrontService"></property>
    </bean>


    <bean id="tvpageProductPopulator" class="com.tvpagefacades.populators.TvpageProductPopulator">
    </bean>

    <!-- Add the TvpageProductPopulator to the productConverter -->
    <bean parent="modifyPopulatorList">
        <property name="list" ref="productConverter"/>
        <property name="add" ref="tvpageProductPopulator"/>
    </bean>
</beans>
