<?xml version="1.0" encoding="UTF-8"?>
<!--
 Copyright (c) 2019 SAP SE or an SAP affiliate company. All rights reserved.
-->
<beans xmlns="http://www.springframework.org/schema/beans"
       xmlns:xsi="http://www.w3.org/2001/XMLSchema-instance"
       xmlns:aop="http://www.springframework.org/schema/aop"
       xmlns:context="http://www.springframework.org/schema/context"
       xsi:schemaLocation="http://www.springframework.org/schema/beans
           http://www.springframework.org/schema/beans/spring-beans.xsd
           http://www.springframework.org/schema/aop
           http://www.springframework.org/schema/aop/spring-aop.xsd
           http://www.springframework.org/schema/context
           http://www.springframework.org/schema/context/spring-context.xsd">

    <context:annotation-config/>

    <bean id="tvpagespartacussampledataaddonCoreDataImportedEventListener"
          parent="abstractCoreDataImportedEventListener">
        <property name="supportedChannels">
            <list value-type="de.hybris.platform.commerceservices.enums.SiteChannel">
                <value>B2C</value>
                <!--
                                <value>B2B</value>
                -->
            </list>
        </property>
        <property name="addonExtensionMetadata">
            <bean class="de.hybris.platform.addonsupport.data.AddonExtensionMetadata">
                <property name="suffixChannel" value="false"/>
                <property name="baseExtensionName" value="tvpagespartacussampledataaddon"/>
            </bean>
        </property>
    </bean>

    <bean id="tvpagespartacussampledataaddonSampleDataEventListener"
          parent="abstractGenericAddOnSampleDataEventListener">
        <property name="extensionName" value="tvpagespartacussampledataaddon"/>
        <property name="addOnSampleDataImportService" ref="tvpageSpaSampleAddOnSampleDataImportService"/>
    </bean>

    <bean id="tvpageSpaSampleAddOnSampleDataImportService" parent="defaultAddonSampleDataImportService"
          class="com.tvpage.spartacussampledataaddon.setup.impl.TvpageSpaSampleAddOnSampleDataImportService">
    </bean>

</beans>
