<?xml version="1.0" encoding="UTF-8"?>
<!--
 Copyright (c) 2020 SAP SE or an SAP affiliate company. All rights reserved.
-->
<beans xmlns="http://www.springframework.org/schema/beans"
       xmlns:xsi="http://www.w3.org/2001/XMLSchema-instance"
       xmlns:aop="http://www.springframework.org/schema/aop"
       xsi:schemaLocation="http://www.springframework.org/schema/beans
           http://www.springframework.org/schema/beans/spring-beans.xsd
           http://www.springframework.org/schema/aop
           http://www.springframework.org/schema/aop/spring-aop.xsd">

    <bean id="tvpageServiceSystemSetup" class="com.tvpageservices.setup.TvpageServicesSystemSetup" parent="abstractCoreSystemSetup" />

    <bean id="restTemplate" class="org.springframework.web.client.RestTemplate">

    </bean>

    <alias name="defaultTvpageStorefrontServiceImpl" alias="tvpageStoreFrontService"/>
    <bean id="defaultTvpageStorefrontServiceImpl" class="com.tvpageservices.impl.TvpageStorefrontServiceImpl">
        <property name="restTemplate" ref="restTemplate"></property>
        <property name="siteConfigService" ref="siteConfigService"/>
    </bean>

</beans>
