<?xml version="1.0" encoding="UTF-8"?>
<!--
 Copyright (c) 2019 SAP SE or an SAP affiliate company. All rights reserved.
-->
<beans xmlns="http://www.springframework.org/schema/beans"
       xmlns:xsi="http://www.w3.org/2001/XMLSchema-instance"
       xmlns:aop="http://www.springframework.org/schema/aop"
       xmlns:context="http://www.springframework.org/schema/context"
       xsi:schemaLocation="http://www.springframework.org/schema/beans
           http://www.springframework.org/schema/beans/spring-beans.xsd
           http://www.springframework.org/schema/aop
           http://www.springframework.org/schema/aop/spring-aop.xsd
           http://www.springframework.org/schema/context
           http://www.springframework.org/schema/context/spring-context.xsd">

    <context:annotation-config/>


    <!-- Expose /acceleratoraddon/web/webroot/WEB-INF/messages/base.js.properties  resource bundle as javascript variables -->
    <bean id="defaultTvpagespartacussampledataaddonJavaScriptMessageResourceAccessor"
          parent="abstractJavaScriptMessageResourceAccessor">
        <property name="addOnName" value="tvpagespartacussampledataaddon"/>
    </bean>

    <bean id="defaultTvpagespartacussampledataaddonBeforeViewJsPropsHandlerAdaptee"
          parent="abstractBeforeViewJsPropsHandlerAdaptee"
          class="de.hybris.platform.addonsupport.interceptors.ExportJsPropertiesBeforeViewHandler">
        <property name="messageSource" ref="defaultTvpagespartacussampledataaddonJavaScriptMessageResourceAccessor"/>
    </bean>

    <bean id="getTvpagespartacussampledataaddonBeforeViewHandler" parent="beforeViewHandlerAdapter">
        <property name="adaptee">
            <ref bean="defaultTvpagespartacussampledataaddonBeforeViewJsPropsHandlerAdaptee"/>
        </property>
    </bean>
    <bean id="TvpagespartacussampledataaddonBeforeViewHandlerListMergeDirective" depends-on="beforeViewHandlersList"
          parent="listMergeDirective">
        <property name="add" ref="getTvpagespartacussampledataaddonBeforeViewHandler"/>
    </bean>

</beans>
